<HBProfile>
  <Name>26536 - Donnerfaelle</Name>
  <MinDurability>0.4</MinDurability>
  <MinFreeBagSlots>1</MinFreeBagSlots>
  
  <MinLevel>1</MinLevel>
  <MaxLevel>86</MaxLevel>
  <Factions>99999</Factions>
  
  <MailGrey>False</MailGrey>
  <MailWhite>True</MailWhite>
  <MailGreen>True</MailGreen>
  <MailBlue>True</MailBlue>
  <MailPurple>True</MailPurple>
 
  <SellGrey>True</SellGrey>
  <SellWhite>True</SellWhite>
  <SellGreen>False</SellGreen>
  <SellBlue>False</SellBlue>
  <SellPurple>False</SellPurple>

    <Vendors>

    </Vendors>
	
    <Mailboxes>

    </Mailboxes>
	
    <Hotspots>
<Hotspot X="-9322.53" Y="608.4226" Z="121.993" />
<Hotspot X="-9311.371" Y="642.2222" Z="130.601" />
<Hotspot X="-9307.202" Y="670.9207" Z="132.9698" />
<Hotspot X="-9299.49" Y="732.8007" Z="131.3709" />
    </Hotspots>
  
</HBProfile>