<HBProfile>
  <Name>26420 - Nach Wuermern graben</Name>
  <MinDurability>0.4</MinDurability>
  <MinFreeBagSlots>1</MinFreeBagSlots>
  
  <MinLevel>1</MinLevel>
  <MaxLevel>86</MaxLevel>
  <Factions>99999</Factions>
  
  <MailGrey>False</MailGrey>
  <MailWhite>True</MailWhite>
  <MailGreen>True</MailGreen>
  <MailBlue>True</MailBlue>
  <MailPurple>True</MailPurple>
 
  <SellGrey>True</SellGrey>
  <SellWhite>True</SellWhite>
  <SellGreen>False</SellGreen>
  <SellBlue>False</SellBlue>
  <SellPurple>False</SellPurple>

    <Vendors>

    </Vendors>
	
    <Mailboxes>

    </Mailboxes>
	
    <Hotspots>
<Hotspot X="-8081.23" Y="669.7216" Z="69.38316" />
<Hotspot X="-8080.412" Y="616.4427" Z="68.45532" />
<Hotspot X="-8157.666" Y="713.3044" Z="68.37046" />
<Hotspot X="-8238.211" Y="711.6393" Z="67.63169" />
<Hotspot X="-8185.162" Y="640.7075" Z="68.69218" />
<Hotspot X="-8161.469" Y="606.2999" Z="70.57483" />
    </Hotspots>
  
</HBProfile>