﻿<HBProfile>
  <Name>26543 - Clammy Hands</Name>
  <MinDurability>0.4</MinDurability>
  <MinFreeBagSlots>5</MinFreeBagSlots>

  <MinLevel>1</MinLevel>
  <MaxLevel>86</MaxLevel>
  <Factions>99999</Factions>

  <MailGrey>False</MailGrey>
  <MailWhite>True</MailWhite>
  <MailGreen>True</MailGreen>
  <MailBlue>True</MailBlue>
  <MailPurple>True</MailPurple>

  <SellGrey>True</SellGrey>
  <SellWhite>True</SellWhite>
  <SellGreen>False</SellGreen>
  <SellBlue>False</SellBlue>
  <SellPurple>False</SellPurple>

  <Vendors>

  </Vendors>

  <Mailboxes>

  </Mailboxes>

  <Hotspots>
    <Hotspot X="1469.021" Y="-4946.743" Z="-5.31087" />
    <Hotspot X="1388.287" Y="-5093.339" Z="-11.48417" />
    <Hotspot X="1317.328" Y="-5044.532" Z="-4.927074" />
    <Hotspot X="1464.618" Y="-4981.754" Z="-9.443579" />
    <Hotspot X="1530.74" Y="-5049.467" Z="-17.29041" />
    <Hotspot X="1647.488" Y="-5136.724" Z="-12.94801" />
    <Hotspot X="1657.851" Y="-5048.221" Z="-3.046266" />
    <Hotspot X="1581.322" Y="-5001.494" Z="-2.832594" />
  </Hotspots>

</HBProfile>