<HBProfile>
  <Name>26588 - A Furious Catch</Name>
  <MinDurability>0.4</MinDurability>
  <MinFreeBagSlots>5</MinFreeBagSlots>
  
  <MinLevel>1</MinLevel>
  <MaxLevel>86</MaxLevel>
  <Factions>99999</Factions>
  
  <MailGrey>False</MailGrey>
  <MailWhite>True</MailWhite>
  <MailGreen>True</MailGreen>
  <MailBlue>True</MailBlue>
  <MailPurple>True</MailPurple>
 
  <SellGrey>True</SellGrey>
  <SellWhite>True</SellWhite>
  <SellGreen>False</SellGreen>
  <SellBlue>False</SellBlue>
  <SellPurple>False</SellPurple>

    <Vendors>

    </Vendors>
	
    <Mailboxes>

    </Mailboxes>
	
    <Hotspots>
      <Hotspot X="1482.993" Y="-3867.098" Z="18.88068" />
      <Hotspot X="1452.514" Y="-3912.296" Z="19.79914" />
      <Hotspot X="1377.424" Y="-3903.141" Z="18.44258" />
      <Hotspot X="1410.969" Y="-3850.643" Z="18.87947" />
    </Hotspots>
  
</HBProfile>