<HBProfile>
  <Name>26488 - Ein grosser Schluck</Name>
  <MinDurability>0.4</MinDurability>
  <MinFreeBagSlots>1</MinFreeBagSlots>
  
  <MinLevel>1</MinLevel>
  <MaxLevel>86</MaxLevel>
  <Factions>99999</Factions>
  
  <MailGrey>False</MailGrey>
  <MailWhite>True</MailWhite>
  <MailGreen>True</MailGreen>
  <MailBlue>True</MailBlue>
  <MailPurple>True</MailPurple>
 
  <SellGrey>True</SellGrey>
  <SellWhite>True</SellWhite>
  <SellGreen>False</SellGreen>
  <SellBlue>False</SellBlue>
  <SellPurple>False</SellPurple>

    <Vendors>

    </Vendors>
	
    <Mailboxes>

    </Mailboxes>
	
    <Hotspots>
<Hotspot X="-8918.999" Y="434.4447" Z="79.56182" />
<Hotspot X="-8970.214" Y="410.7481" Z="74.73803" />
<Hotspot X="-8993.728" Y="416.9296" Z="73.18987" />
<Hotspot X="-9067.783" Y="504.3225" Z="75.35457" />
<Hotspot X="-9064.753" Y="523.8295" Z="74.16661" />
<Hotspot X="-9029.438" Y="560.2968" Z="73.73847" />
    </Hotspots>
  
</HBProfile>