﻿<HBProfile>
  <Name>26572 - A Golden Opportunity</Name>
  <MinDurability>0.4</MinDurability>
  <MinFreeBagSlots>5</MinFreeBagSlots>

  <MinLevel>1</MinLevel>
  <MaxLevel>86</MaxLevel>
  <Factions>99999</Factions>

  <MailGrey>False</MailGrey>
  <MailWhite>True</MailWhite>
  <MailGreen>True</MailGreen>
  <MailBlue>True</MailBlue>
  <MailPurple>True</MailPurple>

  <SellGrey>True</SellGrey>
  <SellWhite>True</SellWhite>
  <SellGreen>False</SellGreen>
  <SellBlue>False</SellBlue>
  <SellPurple>False</SellPurple>

  <Vendors>

  </Vendors>

  <Mailboxes>

  </Mailboxes>

  <Hotspots>
    <!--
    <Hotspot X="891.6478" Y="-4027.046" Z="-10.73973" />
    <Hotspot X="965.1293" Y="-4054.9" Z="-12.32771" />
    
    <Hotspot X="960.6287" Y="-4238.973" Z="-8.099349" />
    <Hotspot X="945.7762" Y="-4214.201" Z="-6.595586" />
    -->
    <Hotspot X="959.2511" Y="-4265.856" Z="-7.675479" />
    <Hotspot X="949.7504" Y="-4179.999" Z="-8.225678" />
    <Hotspot X="958.448" Y="-4073.752" Z="-12.50393" />
    <Hotspot X="866.8754" Y="-4029.283" Z="-12.21174" />
    <Hotspot X="808.7987" Y="-4087.946" Z="-8.24089" />
    
  </Hotspots>

</HBProfile>